1543020300796,26,free,873,"San Jose-Sunnyvale-Santa Clara, CA","""Mozilla/5.0 (X11; Linux x86_64) AppleWebKit/537.36 (KHTML, like Gecko) Ubuntu Chromium/36.0.1985.125 Chrome/36.0.1985.125 Safari/537.36""",Papua New Guinea,The Future Sound of London,405.28934
1543020705796,26,free,873,"San Jose-Sunnyvale-Santa Clara, CA","""Mozilla/5.0 (X11; Linux x86_64) AppleWebKit/537.36 (KHTML, like Gecko) Ubuntu Chromium/36.0.1985.125 Chrome/36.0.1985.125 Safari/537.36""",Sehr kosmisch,Harmonia,655.77751
1543026602796,87,free,86,"Myrtle Beach-Conway-North Myrtle Beach, SC-NC",Mozilla/5.0 (Windows NT 6.3; WOW64; Trident/7.0; rv:11.0) like Gecko,Welcome To The Black Parade (Album Version),My Chemical Romance,311.11791
1543027714796,88,paid,888,"Sacramento--Roseville--Arden-Arcade, CA","""Mozilla/5.0 (Macintosh; Intel Mac OS X 10_9_4) AppleWebKit/537.36 (KHTML, like Gecko) Chrome/36.0.1985.143 Safari/537.36""",Move Bitch,Disturbing Tha Peace / Ludacris / Mystikal / I-20,276.4273
1543027990796,88,paid,888,"Sacramento--Roseville--Arden-Arcade, CA","""Mozilla/5.0 (Macintosh; Intel Mac OS X 10_9_4) AppleWebKit/537.36 (KHTML, like Gecko) Chrome/36.0.1985.143 Safari/537.36""",Playback,Carlos PaiÃÂ£o,185.99138
1543028175796,88,paid,888,"Sacramento--Roseville--Arden-Arcade, CA","""Mozilla/5.0 (Macintosh; Intel Mac OS X 10_9_4) AppleWebKit/537.36 (KHTML, like Gecko) Chrome/36.0.1985.143 Safari/537.36""",Show Love,Snowgoons,239.28118
1543028414796,88,paid,888,"Sacramento--Roseville--Arden-Arcade, CA","""Mozilla/5.0 (Macintosh; Intel Mac OS X 10_9_4) AppleWebKit/537.36 (KHTML, like Gecko) Chrome/36.0.1985.143 Safari/537.36""",Born To Be Blue,Steve Miller,325.22404
1543028739796,88,paid,888,"Sacramento--Roseville--Arden-Arcade, CA","""Mozilla/5.0 (Macintosh; Intel Mac OS X 10_9_4) AppleWebKit/537.36 (KHTML, like Gecko) Chrome/36.0.1985.143 Safari/537.36""",My Sacrifice,Creed,295.3922
1543029034796,88,paid,888,"Sacramento--Roseville--Arden-Arcade, CA","""Mozilla/5.0 (Macintosh; Intel Mac OS X 10_9_4) AppleWebKit/537.36 (KHTML, like Gecko) Chrome/36.0.1985.143 Safari/537.36""",Untitled (Figures),Max Richter,208.40444
1543029242796,88,paid,888,"Sacramento--Roseville--Arden-Arcade, CA","""Mozilla/5.0 (Macintosh; Intel Mac OS X 10_9_4) AppleWebKit/537.36 (KHTML, like Gecko) Chrome/36.0.1985.143 Safari/537.36""",Geek In The Pink (Album Version),Jason Mraz,235.49342
1543029477796,88,paid,888,"Sacramento--Roseville--Arden-Arcade, CA","""Mozilla/5.0 (Macintosh; Intel Mac OS X 10_9_4) AppleWebKit/537.36 (KHTML, like Gecko) Chrome/36.0.1985.143 Safari/537.36""",You're No Good,Betty Everett,139.67628
1543029616796,88,paid,888,"Sacramento--Roseville--Arden-Arcade, CA","""Mozilla/5.0 (Macintosh; Intel Mac OS X 10_9_4) AppleWebKit/537.36 (KHTML, like Gecko) Chrome/36.0.1985.143 Safari/537.36""",Beautiful Stranger,Madonna,260.75383
1543029876796,88,paid,888,"Sacramento--Roseville--Arden-Arcade, CA","""Mozilla/5.0 (Macintosh; Intel Mac OS X 10_9_4) AppleWebKit/537.36 (KHTML, like Gecko) Chrome/36.0.1985.143 Safari/537.36""",Santa Monica,Theory Of A Deadman,246.54322
1543030122796,88,paid,888,"Sacramento--Roseville--Arden-Arcade, CA","""Mozilla/5.0 (Macintosh; Intel Mac OS X 10_9_4) AppleWebKit/537.36 (KHTML, like Gecko) Chrome/36.0.1985.143 Safari/537.36""",Ain't No Way (You Won't Love Me),Chris Brown,203.80689
1543030325796,88,paid,888,"Sacramento--Roseville--Arden-Arcade, CA","""Mozilla/5.0 (Macintosh; Intel Mac OS X 10_9_4) AppleWebKit/537.36 (KHTML, like Gecko) Chrome/36.0.1985.143 Safari/537.36""",Dust in The Wind,Kansas,202.29179
1543030527796,88,paid,888,"Sacramento--Roseville--Arden-Arcade, CA","""Mozilla/5.0 (Macintosh; Intel Mac OS X 10_9_4) AppleWebKit/537.36 (KHTML, like Gecko) Chrome/36.0.1985.143 Safari/537.36""",What A Great Day,Lacksley Castell,543.7122
1543031070796,88,paid,888,"Sacramento--Roseville--Arden-Arcade, CA","""Mozilla/5.0 (Macintosh; Intel Mac OS X 10_9_4) AppleWebKit/537.36 (KHTML, like Gecko) Chrome/36.0.1985.143 Safari/537.36""",Seven Nation Army (Album Version),The White Stripes,231.81016
1543031301796,88,paid,888,"Sacramento--Roseville--Arden-Arcade, CA","""Mozilla/5.0 (Macintosh; Intel Mac OS X 10_9_4) AppleWebKit/537.36 (KHTML, like Gecko) Chrome/36.0.1985.143 Safari/537.36""",Damn I Wish I Was Your Lover,Sophie B. Hawkins,323.39546
1543031624796,88,paid,888,"Sacramento--Roseville--Arden-Arcade, CA","""Mozilla/5.0 (Macintosh; Intel Mac OS X 10_9_4) AppleWebKit/537.36 (KHTML, like Gecko) Chrome/36.0.1985.143 Safari/537.36""",En Dag Tilbage,Nik & Jay,267.49342
1543031891796,88,paid,888,"Sacramento--Roseville--Arden-Arcade, CA","""Mozilla/5.0 (Macintosh; Intel Mac OS X 10_9_4) AppleWebKit/537.36 (KHTML, like Gecko) Chrome/36.0.1985.143 Safari/537.36""",Don't Worry Be Happy,Bobby McFerrin,291.60444
1543032182796,88,paid,888,"Sacramento--Roseville--Arden-Arcade, CA","""Mozilla/5.0 (Macintosh; Intel Mac OS X 10_9_4) AppleWebKit/537.36 (KHTML, like Gecko) Chrome/36.0.1985.143 Safari/537.36""",Arson,Amon Amarth,407.84934
1543032589796,88,paid,888,"Sacramento--Roseville--Arden-Arcade, CA","""Mozilla/5.0 (Macintosh; Intel Mac OS X 10_9_4) AppleWebKit/537.36 (KHTML, like Gecko) Chrome/36.0.1985.143 Safari/537.36""",P.N.C. (LP Version),Smif-n-Wessun,325.72036
1543032774796,29,paid,709,"Atlanta-Sandy Springs-Roswell, GA","""Mozilla/5.0 (Macintosh; Intel Mac OS X 10_9_4) AppleWebKit/537.78.2 (KHTML, like Gecko) Version/7.0.6 Safari/537.78.2""",The Trance Is The Motion [Live],Static-X,266.47465
1543032914796,88,paid,888,"Sacramento--Roseville--Arden-Arcade, CA","""Mozilla/5.0 (Macintosh; Intel Mac OS X 10_9_4) AppleWebKit/537.36 (KHTML, like Gecko) Chrome/36.0.1985.143 Safari/537.36""",Shake Ya Ass,Mystikal,254.98077
1543033040796,29,paid,709,"Atlanta-Sandy Springs-Roswell, GA","""Mozilla/5.0 (Macintosh; Intel Mac OS X 10_9_4) AppleWebKit/537.78.2 (KHTML, like Gecko) Version/7.0.6 Safari/537.78.2""",All Power To Slaves,CKY,208.24771
1543033168796,88,paid,888,"Sacramento--Roseville--Arden-Arcade, CA","""Mozilla/5.0 (Macintosh; Intel Mac OS X 10_9_4) AppleWebKit/537.36 (KHTML, like Gecko) Chrome/36.0.1985.143 Safari/537.36""",Constantly Under Surveillance,This is a Process of a Still Life,396.12036
1543033248796,29,paid,709,"Atlanta-Sandy Springs-Roswell, GA","""Mozilla/5.0 (Macintosh; Intel Mac OS X 10_9_4) AppleWebKit/537.78.2 (KHTML, like Gecko) Version/7.0.6 Safari/537.78.2""",Sex Sux (Amen) (Album),Vaselines,189.98812
1543033437796,29,paid,709,"Atlanta-Sandy Springs-Roswell, GA","""Mozilla/5.0 (Macintosh; Intel Mac OS X 10_9_4) AppleWebKit/537.78.2 (KHTML, like Gecko) Version/7.0.6 Safari/537.78.2""",Vargavinter,Thyrfing,178.6771
1543033538796,26,free,896,"San Jose-Sunnyvale-Santa Clara, CA","""Mozilla/5.0 (X11; Linux x86_64) AppleWebKit/537.36 (KHTML, like Gecko) Ubuntu Chromium/36.0.1985.125 Chrome/36.0.1985.125 Safari/537.36""",La Flor De Mis Heridas,Bersuit Vergarabat,259.63057
1543033564796,88,paid,888,"Sacramento--Roseville--Arden-Arcade, CA","""Mozilla/5.0 (Macintosh; Intel Mac OS X 10_9_4) AppleWebKit/537.36 (KHTML, like Gecko) Chrome/36.0.1985.143 Safari/537.36""",After An Afternoon (Eagles Ballroom Live Version),Jason Mraz,226.53342
1543033615796,29,paid,709,"Atlanta-Sandy Springs-Roswell, GA","""Mozilla/5.0 (Macintosh; Intel Mac OS X 10_9_4) AppleWebKit/537.78.2 (KHTML, like Gecko) Version/7.0.6 Safari/537.78.2""",Province,TV On The Radio,275.87873
1543033790796,88,paid,888,"Sacramento--Roseville--Arden-Arcade, CA","""Mozilla/5.0 (Macintosh; Intel Mac OS X 10_9_4) AppleWebKit/537.36 (KHTML, like Gecko) Chrome/36.0.1985.143 Safari/537.36""",Wax on Tha Belt (Baby G Gets Biz),Mad Flava,35.81342
1543033797796,26,free,896,"San Jose-Sunnyvale-Santa Clara, CA","""Mozilla/5.0 (X11; Linux x86_64) AppleWebKit/537.36 (KHTML, like Gecko) Ubuntu Chromium/36.0.1985.125 Chrome/36.0.1985.125 Safari/537.36""",The Choice Is Yours,Black Sheep,203.15383
1543033825796,88,paid,888,"Sacramento--Roseville--Arden-Arcade, CA","""Mozilla/5.0 (Macintosh; Intel Mac OS X 10_9_4) AppleWebKit/537.36 (KHTML, like Gecko) Chrome/36.0.1985.143 Safari/537.36""",Tonight She Comes (LP Version),The Cars,234.65751
1543033890796,29,paid,709,"Atlanta-Sandy Springs-Roswell, GA","""Mozilla/5.0 (Macintosh; Intel Mac OS X 10_9_4) AppleWebKit/537.78.2 (KHTML, like Gecko) Version/7.0.6 Safari/537.78.2""",Yippiyo-Ay,The Presets,271.85587
1543034000796,26,free,896,"San Jose-Sunnyvale-Santa Clara, CA","""Mozilla/5.0 (X11; Linux x86_64) AppleWebKit/537.36 (KHTML, like Gecko) Ubuntu Chromium/36.0.1985.125 Chrome/36.0.1985.125 Safari/537.36""",Lucifer (The Final Combination Mix),Obk,377.15546
1543034059796,88,paid,888,"Sacramento--Roseville--Arden-Arcade, CA","""Mozilla/5.0 (Macintosh; Intel Mac OS X 10_9_4) AppleWebKit/537.36 (KHTML, like Gecko) Chrome/36.0.1985.143 Safari/537.36""",Sun / C79,Cat Stevens,275.87873
1543034334796,88,paid,888,"Sacramento--Roseville--Arden-Arcade, CA","""Mozilla/5.0 (Macintosh; Intel Mac OS X 10_9_4) AppleWebKit/537.36 (KHTML, like Gecko) Chrome/36.0.1985.143 Safari/537.36""",Creature Fear,Bon Iver,186.122
1543034520796,88,paid,888,"Sacramento--Roseville--Arden-Arcade, CA","""Mozilla/5.0 (Macintosh; Intel Mac OS X 10_9_4) AppleWebKit/537.36 (KHTML, like Gecko) Chrome/36.0.1985.143 Safari/537.36""",Monster,Lady GaGa,249.20771
1543034769796,88,paid,888,"Sacramento--Roseville--Arden-Arcade, CA","""Mozilla/5.0 (Macintosh; Intel Mac OS X 10_9_4) AppleWebKit/537.36 (KHTML, like Gecko) Chrome/36.0.1985.143 Safari/537.36""",Feels Like Love,Vince Gill,255.81669
1543035024796,88,paid,888,"Sacramento--Roseville--Arden-Arcade, CA","""Mozilla/5.0 (Macintosh; Intel Mac OS X 10_9_4) AppleWebKit/537.36 (KHTML, like Gecko) Chrome/36.0.1985.143 Safari/537.36""",Hands Open,Snow Patrol,195.21261
1543035219796,88,paid,888,"Sacramento--Roseville--Arden-Arcade, CA","""Mozilla/5.0 (Macintosh; Intel Mac OS X 10_9_4) AppleWebKit/537.36 (KHTML, like Gecko) Chrome/36.0.1985.143 Safari/537.36""",One More Goodbye,The Randy Rogers Band,254.58893
1543035473796,88,paid,888,"Sacramento--Roseville--Arden-Arcade, CA","""Mozilla/5.0 (Macintosh; Intel Mac OS X 10_9_4) AppleWebKit/537.36 (KHTML, like Gecko) Chrome/36.0.1985.143 Safari/537.36""",Don't Cry For Me Argentina,Joan Baez,193.17506
1543035666796,88,paid,888,"Sacramento--Roseville--Arden-Arcade, CA","""Mozilla/5.0 (Macintosh; Intel Mac OS X 10_9_4) AppleWebKit/537.36 (KHTML, like Gecko) Chrome/36.0.1985.143 Safari/537.36""",Turnin' Me On,Natalie,227.36934
1543035893796,88,paid,888,"Sacramento--Roseville--Arden-Arcade, CA","""Mozilla/5.0 (Macintosh; Intel Mac OS X 10_9_4) AppleWebKit/537.36 (KHTML, like Gecko) Chrome/36.0.1985.143 Safari/537.36""",You're The One,Dwight Yoakam,239.3073
1543036132796,88,paid,888,"Sacramento--Roseville--Arden-Arcade, CA","""Mozilla/5.0 (Macintosh; Intel Mac OS X 10_9_4) AppleWebKit/537.36 (KHTML, like Gecko) Chrome/36.0.1985.143 Safari/537.36""",Deception,Blackalicious,276.92363
1543036408796,88,paid,888,"Sacramento--Roseville--Arden-Arcade, CA","""Mozilla/5.0 (Macintosh; Intel Mac OS X 10_9_4) AppleWebKit/537.36 (KHTML, like Gecko) Chrome/36.0.1985.143 Safari/537.36""",Bang! Bang!,The Knux,200.25424
1543036608796,88,paid,888,"Sacramento--Roseville--Arden-Arcade, CA","""Mozilla/5.0 (Macintosh; Intel Mac OS X 10_9_4) AppleWebKit/537.36 (KHTML, like Gecko) Chrome/36.0.1985.143 Safari/537.36""",Born On The Bayou,Creedence Clearwater Revival,315.42812
1543036923796,88,paid,888,"Sacramento--Roseville--Arden-Arcade, CA","""Mozilla/5.0 (Macintosh; Intel Mac OS X 10_9_4) AppleWebKit/537.36 (KHTML, like Gecko) Chrome/36.0.1985.143 Safari/537.36""",Act Naturally (Album Version),Leon Russell,185.73016
1543037108796,88,paid,888,"Sacramento--Roseville--Arden-Arcade, CA","""Mozilla/5.0 (Macintosh; Intel Mac OS X 10_9_4) AppleWebKit/537.36 (KHTML, like Gecko) Chrome/36.0.1985.143 Safari/537.36""",Changed My Mind,Iration,208.24771
1543037316796,88,paid,888,"Sacramento--Roseville--Arden-Arcade, CA","""Mozilla/5.0 (Macintosh; Intel Mac OS X 10_9_4) AppleWebKit/537.36 (KHTML, like Gecko) Chrome/36.0.1985.143 Safari/537.36""",Jamaica Roots II(Agora E Sempre),Natiruts,210.88608
1543037526796,88,paid,888,"Sacramento--Roseville--Arden-Arcade, CA","""Mozilla/5.0 (Macintosh; Intel Mac OS X 10_9_4) AppleWebKit/537.36 (KHTML, like Gecko) Chrome/36.0.1985.143 Safari/537.36""",From Blown Speakers,The New Pornographers,169.24689
1543037695796,88,paid,888,"Sacramento--Roseville--Arden-Arcade, CA","""Mozilla/5.0 (Macintosh; Intel Mac OS X 10_9_4) AppleWebKit/537.36 (KHTML, like Gecko) Chrome/36.0.1985.143 Safari/537.36""",Head Full Of Doubt/Road Full Of Promise,The Avett Brothers,287.97342
1543037982796,88,paid,888,"Sacramento--Roseville--Arden-Arcade, CA","""Mozilla/5.0 (Macintosh; Intel Mac OS X 10_9_4) AppleWebKit/537.36 (KHTML, like Gecko) Chrome/36.0.1985.143 Safari/537.36""",Someone Like You,Dina Carroll,203.20608
1543038185796,88,paid,888,"Sacramento--Roseville--Arden-Arcade, CA","""Mozilla/5.0 (Macintosh; Intel Mac OS X 10_9_4) AppleWebKit/537.36 (KHTML, like Gecko) Chrome/36.0.1985.143 Safari/537.36""",Holy One,Rush Of Fools,219.66322
1543038404796,88,paid,888,"Sacramento--Roseville--Arden-Arcade, CA","""Mozilla/5.0 (Macintosh; Intel Mac OS X 10_9_4) AppleWebKit/537.36 (KHTML, like Gecko) Chrome/36.0.1985.143 Safari/537.36""",Lydia,Morten Abel,217.44281
1543038621796,88,paid,888,"Sacramento--Roseville--Arden-Arcade, CA","""Mozilla/5.0 (Macintosh; Intel Mac OS X 10_9_4) AppleWebKit/537.36 (KHTML, like Gecko) Chrome/36.0.1985.143 Safari/537.36""",Loneliness,Tomcraft,471.45751
1543039092796,88,paid,888,"Sacramento--Roseville--Arden-Arcade, CA","""Mozilla/5.0 (Macintosh; Intel Mac OS X 10_9_4) AppleWebKit/537.36 (KHTML, like Gecko) Chrome/36.0.1985.143 Safari/537.36""",Undo,BjÃÂ¶rk,348.57751
1543039440796,88,paid,888,"Sacramento--Roseville--Arden-Arcade, CA","""Mozilla/5.0 (Macintosh; Intel Mac OS X 10_9_4) AppleWebKit/537.36 (KHTML, like Gecko) Chrome/36.0.1985.143 Safari/537.36""",Heartbeats,JosÃÂ© Gonzalez,158.48444
1543039480796,80,paid,893,"Portland-South Portland, ME","""Mozilla/5.0 (Macintosh; Intel Mac OS X 10_9_4) AppleWebKit/537.36 (KHTML, like Gecko) Chrome/36.0.1985.143 Safari/537.36""",The Stallion,Ween,276.13995
1543039598796,88,paid,888,"Sacramento--Roseville--Arden-Arcade, CA","""Mozilla/5.0 (Macintosh; Intel Mac OS X 10_9_4) AppleWebKit/537.36 (KHTML, like Gecko) Chrome/36.0.1985.143 Safari/537.36""",The Real Slim Shady,Eminem,284.86485
1543039756796,80,paid,893,"Portland-South Portland, ME","""Mozilla/5.0 (Macintosh; Intel Mac OS X 10_9_4) AppleWebKit/537.36 (KHTML, like Gecko) Chrome/36.0.1985.143 Safari/537.36""",If We Try Again,Robbie Dupree,273.68444
1543039907796,88,paid,888,"Sacramento--Roseville--Arden-Arcade, CA","""Mozilla/5.0 (Macintosh; Intel Mac OS X 10_9_4) AppleWebKit/537.36 (KHTML, like Gecko) Chrome/36.0.1985.143 Safari/537.36""",The E Flat Reel/The Recluse/James D Law/,Natalie MacMaster,186.80118
1543040029796,80,paid,893,"Portland-South Portland, ME","""Mozilla/5.0 (Macintosh; Intel Mac OS X 10_9_4) AppleWebKit/537.36 (KHTML, like Gecko) Chrome/36.0.1985.143 Safari/537.36""",My Ride,Jeremih,220.55138
1543040093796,88,paid,888,"Sacramento--Roseville--Arden-Arcade, CA","""Mozilla/5.0 (Macintosh; Intel Mac OS X 10_9_4) AppleWebKit/537.36 (KHTML, like Gecko) Chrome/36.0.1985.143 Safari/537.36""",Paint The Rust,The Dodos,374.69995
1543040249796,80,paid,893,"Portland-South Portland, ME","""Mozilla/5.0 (Macintosh; Intel Mac OS X 10_9_4) AppleWebKit/537.36 (KHTML, like Gecko) Chrome/36.0.1985.143 Safari/537.36""",Como Un SueÃÂ±o (Am I Dreaming),Kat DeLuna,239.43791
1543040467796,88,paid,888,"Sacramento--Roseville--Arden-Arcade, CA","""Mozilla/5.0 (Macintosh; Intel Mac OS X 10_9_4) AppleWebKit/537.36 (KHTML, like Gecko) Chrome/36.0.1985.143 Safari/537.36""",Tie The Rope (Album Version),The Format,199.83628
1543040488796,80,paid,893,"Portland-South Portland, ME","""Mozilla/5.0 (Macintosh; Intel Mac OS X 10_9_4) AppleWebKit/537.36 (KHTML, like Gecko) Chrome/36.0.1985.143 Safari/537.36""",Awakening,Molotov Solution,221.962
1543040666796,88,paid,888,"Sacramento--Roseville--Arden-Arcade, CA","""Mozilla/5.0 (Macintosh; Intel Mac OS X 10_9_4) AppleWebKit/537.36 (KHTML, like Gecko) Chrome/36.0.1985.143 Safari/537.36""",All Star,Smash Mouth,216.39791
1543040709796,80,paid,893,"Portland-South Portland, ME","""Mozilla/5.0 (Macintosh; Intel Mac OS X 10_9_4) AppleWebKit/537.36 (KHTML, like Gecko) Chrome/36.0.1985.143 Safari/537.36""",Insozzz ...,And Then There Were None,259.26485
1543040876796,69,free,890,"Philadelphia-Camden-Wilmington, PA-NJ-DE-MD","""Mozilla/5.0 (Macintosh; Intel Mac OS X 10_9_4) AppleWebKit/537.36 (KHTML, like Gecko) Chrome/36.0.1985.125 Safari/537.36""",Broken Hearts_ Torn Up Letters And The Story Of A Lonely Girl,Lostprophets,244.03546
1543040968796,80,paid,893,"Portland-South Portland, ME","""Mozilla/5.0 (Macintosh; Intel Mac OS X 10_9_4) AppleWebKit/537.36 (KHTML, like Gecko) Chrome/36.0.1985.143 Safari/537.36""",Crumpshit,Philippe Rochard,360.51546
1543041120796,69,free,890,"Philadelphia-Camden-Wilmington, PA-NJ-DE-MD","""Mozilla/5.0 (Macintosh; Intel Mac OS X 10_9_4) AppleWebKit/537.36 (KHTML, like Gecko) Chrome/36.0.1985.125 Safari/537.36""",Favorite Song,Superlitio,247.92771
1543041328796,80,paid,893,"Portland-South Portland, ME","""Mozilla/5.0 (Macintosh; Intel Mac OS X 10_9_4) AppleWebKit/537.36 (KHTML, like Gecko) Chrome/36.0.1985.143 Safari/537.36""",Your Star,The All-American Rejects,260.77995
1543041367796,69,free,890,"Philadelphia-Camden-Wilmington, PA-NJ-DE-MD","""Mozilla/5.0 (Macintosh; Intel Mac OS X 10_9_4) AppleWebKit/537.36 (KHTML, like Gecko) Chrome/36.0.1985.125 Safari/537.36""",ReprÃÂ©sente,Alliance Ethnik,252.21179
1543041588796,80,paid,893,"Portland-South Portland, ME","""Mozilla/5.0 (Macintosh; Intel Mac OS X 10_9_4) AppleWebKit/537.36 (KHTML, like Gecko) Chrome/36.0.1985.143 Safari/537.36""",Robotronic,Turing Machine,522.762
1543042110796,80,paid,893,"Portland-South Portland, ME","""Mozilla/5.0 (Macintosh; Intel Mac OS X 10_9_4) AppleWebKit/537.36 (KHTML, like Gecko) Chrome/36.0.1985.143 Safari/537.36""",Calypso War,Mighty Terror & His Calypsonians,137.84771
1543042247796,80,paid,893,"Portland-South Portland, ME","""Mozilla/5.0 (Macintosh; Intel Mac OS X 10_9_4) AppleWebKit/537.36 (KHTML, like Gecko) Chrome/36.0.1985.143 Safari/537.36""",Words Vs Wisdom,Butterfingers,341.75955
1543042588796,80,paid,893,"Portland-South Portland, ME","""Mozilla/5.0 (Macintosh; Intel Mac OS X 10_9_4) AppleWebKit/537.36 (KHTML, like Gecko) Chrome/36.0.1985.143 Safari/537.36""",Tu Eres,NB Ridaz,234.21342
1543042732796,68,free,843,"Los Angeles-Long Beach-Anaheim, CA",Mozilla/5.0 (Windows NT 6.1; WOW64; rv:31.0) Gecko/20100101 Firefox/31.0,It Wasn't Me,Shaggy / Ricardo Ducent,226.76853
1543042822796,80,paid,893,"Portland-South Portland, ME","""Mozilla/5.0 (Macintosh; Intel Mac OS X 10_9_4) AppleWebKit/537.36 (KHTML, like Gecko) Chrome/36.0.1985.143 Safari/537.36""",You'll Never Find Another Love Like Mine (Album Version),Michael BublÃÂ©,244.21832
1543043066796,80,paid,893,"Portland-South Portland, ME","""Mozilla/5.0 (Macintosh; Intel Mac OS X 10_9_4) AppleWebKit/537.36 (KHTML, like Gecko) Chrome/36.0.1985.143 Safari/537.36""",Sit in the Middle of Three Galloping Dogs,Silver Mt. Zion,308.53179
1543043374796,80,paid,893,"Portland-South Portland, ME","""Mozilla/5.0 (Macintosh; Intel Mac OS X 10_9_4) AppleWebKit/537.36 (KHTML, like Gecko) Chrome/36.0.1985.143 Safari/537.36""",Chin Up,Copeland,199.07873
1543043573796,80,paid,893,"Portland-South Portland, ME","""Mozilla/5.0 (Macintosh; Intel Mac OS X 10_9_4) AppleWebKit/537.36 (KHTML, like Gecko) Chrome/36.0.1985.143 Safari/537.36""",Californication (Album Version),Red Hot Chili Peppers,321.82812
1543043894796,80,paid,893,"Portland-South Portland, ME","""Mozilla/5.0 (Macintosh; Intel Mac OS X 10_9_4) AppleWebKit/537.36 (KHTML, like Gecko) Chrome/36.0.1985.143 Safari/537.36""",The Reasons (Album Version),P.O.D.,224.67873
1543044118796,80,paid,893,"Portland-South Portland, ME","""Mozilla/5.0 (Macintosh; Intel Mac OS X 10_9_4) AppleWebKit/537.36 (KHTML, like Gecko) Chrome/36.0.1985.143 Safari/537.36""",I Like That,Richard Vission & Static Avanger Starring Luciana,375.43138
1543044493796,80,paid,893,"Portland-South Portland, ME","""Mozilla/5.0 (Macintosh; Intel Mac OS X 10_9_4) AppleWebKit/537.36 (KHTML, like Gecko) Chrome/36.0.1985.143 Safari/537.36""",Nights Like This,After 7,241.94567
1543048519796,92,free,825,"Palestine, TX",Mozilla/5.0 (Macintosh; Intel Mac OS X 10.9; rv:31.0) Gecko/20100101 Firefox/31.0,Nostrand,Ratatat,184.0322
1543056791796,86,free,892,"La Crosse-Onalaska, WI-MN","""Mozilla/5.0 (Macintosh; Intel Mac OS X 10_9_4) AppleWebKit/537.36 (KHTML, like Gecko) Chrome/37.0.2062.94 Safari/537.36""",Cherish The Day,Sade,332.12036
1543057123796,86,free,892,"La Crosse-Onalaska, WI-MN","""Mozilla/5.0 (Macintosh; Intel Mac OS X 10_9_4) AppleWebKit/537.36 (KHTML, like Gecko) Chrome/37.0.2062.94 Safari/537.36""",Song For Guy,Elton John,417.01832
1543057540796,86,free,892,"La Crosse-Onalaska, WI-MN","""Mozilla/5.0 (Macintosh; Intel Mac OS X 10_9_4) AppleWebKit/537.36 (KHTML, like Gecko) Chrome/37.0.2062.94 Safari/537.36""",Gamblers,Lewis Black,111.80363
1543058177796,80,paid,903,"Portland-South Portland, ME","""Mozilla/5.0 (Macintosh; Intel Mac OS X 10_9_4) AppleWebKit/537.36 (KHTML, like Gecko) Chrome/36.0.1985.143 Safari/537.36""",Coffee With Manni,Acoustic Alchemy,169.1424
1543058346796,80,paid,903,"Portland-South Portland, ME","""Mozilla/5.0 (Macintosh; Intel Mac OS X 10_9_4) AppleWebKit/537.36 (KHTML, like Gecko) Chrome/36.0.1985.143 Safari/537.36""",Lady,Stryper,295.70567
1543058641796,80,paid,903,"Portland-South Portland, ME","""Mozilla/5.0 (Macintosh; Intel Mac OS X 10_9_4) AppleWebKit/537.36 (KHTML, like Gecko) Chrome/36.0.1985.143 Safari/537.36""",Undo,BjÃÂ¶rk,348.57751
1543058989796,80,paid,903,"Portland-South Portland, ME","""Mozilla/5.0 (Macintosh; Intel Mac OS X 10_9_4) AppleWebKit/537.36 (KHTML, like Gecko) Chrome/36.0.1985.143 Safari/537.36""",Please Don't Do This (Album),Plain White T S,180.11383
1543059169796,80,paid,903,"Portland-South Portland, ME","""Mozilla/5.0 (Macintosh; Intel Mac OS X 10_9_4) AppleWebKit/537.36 (KHTML, like Gecko) Chrome/36.0.1985.143 Safari/537.36""",Feeling This,Blink-182,173.76608
1543059578796,23,free,841,"Raleigh, NC","""Mozilla/5.0 (iPhone; CPU iPhone OS 7_1_1 like Mac OS X) AppleWebKit/537.51.2 (KHTML, like Gecko) Version/7.0 Mobile/11D201 Safari/9537.53""",Just Lose It,Eminem,248.58077
1543059741796,80,paid,903,"Portland-South Portland, ME","""Mozilla/5.0 (Macintosh; Intel Mac OS X 10_9_4) AppleWebKit/537.36 (KHTML, like Gecko) Chrome/36.0.1985.143 Safari/537.36""",Kokoro - Angel Heart (album mix),Original Love,337.76281
1543060078796,80,paid,903,"Portland-South Portland, ME","""Mozilla/5.0 (Macintosh; Intel Mac OS X 10_9_4) AppleWebKit/537.36 (KHTML, like Gecko) Chrome/36.0.1985.143 Safari/537.36""",Beautiful Ending (Album),BarlowGirl,258.40281
1543060336796,80,paid,903,"Portland-South Portland, ME","""Mozilla/5.0 (Macintosh; Intel Mac OS X 10_9_4) AppleWebKit/537.36 (KHTML, like Gecko) Chrome/36.0.1985.143 Safari/537.36""",Phantom Of The Opera,Me First And The Gimme Gimmes,105.1424
1543060418796,13,free,422,"London, KY","""Mozilla/5.0 (Windows NT 6.1; WOW64) AppleWebKit/537.36 (KHTML, like Gecko) Chrome/37.0.2062.102 Safari/537.36""",Careless Whisper,George Michael,302.602
1543060441796,80,paid,903,"Portland-South Portland, ME","""Mozilla/5.0 (Macintosh; Intel Mac OS X 10_9_4) AppleWebKit/537.36 (KHTML, like Gecko) Chrome/36.0.1985.143 Safari/537.36""",Lucy in the Sky With Diamonds (feat. Frankie Paul),Easy Star All-Stars,272.50893
1543060713796,80,paid,903,"Portland-South Portland, ME","""Mozilla/5.0 (Macintosh; Intel Mac OS X 10_9_4) AppleWebKit/537.36 (KHTML, like Gecko) Chrome/36.0.1985.143 Safari/537.36""",Birds,Linda Ronstadt,181.7073
1543060894796,80,paid,903,"Portland-South Portland, ME","""Mozilla/5.0 (Macintosh; Intel Mac OS X 10_9_4) AppleWebKit/537.36 (KHTML, like Gecko) Chrome/36.0.1985.143 Safari/537.36""",Cosmic Love,Florence + The Machine,258.55955
1543061152796,80,paid,903,"Portland-South Portland, ME","""Mozilla/5.0 (Macintosh; Intel Mac OS X 10_9_4) AppleWebKit/537.36 (KHTML, like Gecko) Chrome/36.0.1985.143 Safari/537.36""",Sextape (Album Version),Deftones,241.52771
1543061374796,95,paid,564,"Winston-Salem, NC","""Mozilla/5.0 (iPhone; CPU iPhone OS 7_1_2 like Mac OS X) AppleWebKit/537.51.2 (KHTML, like Gecko) Version/7.0 Mobile/11D257 Safari/9537.53""",No Usemos Ropa Hoy,Los Concorde,223.7122
1543061393796,80,paid,903,"Portland-South Portland, ME","""Mozilla/5.0 (Macintosh; Intel Mac OS X 10_9_4) AppleWebKit/537.36 (KHTML, like Gecko) Chrome/36.0.1985.143 Safari/537.36""",Fight,Early Man,201.32526
1543061594796,80,paid,903,"Portland-South Portland, ME","""Mozilla/5.0 (Macintosh; Intel Mac OS X 10_9_4) AppleWebKit/537.36 (KHTML, like Gecko) Chrome/36.0.1985.143 Safari/537.36""",Fuck Kitty,Frumpies,134.47791
1543061597796,95,paid,564,"Winston-Salem, NC","""Mozilla/5.0 (iPhone; CPU iPhone OS 7_1_2 like Mac OS X) AppleWebKit/537.51.2 (KHTML, like Gecko) Version/7.0 Mobile/11D257 Safari/9537.53""",Talk To Your Daughter (Album Version),Robben Ford,250.53995
1543061727796,67,free,807,"Nashville-Davidson--Murfreesboro--Franklin, TN","""Mozilla/5.0 (Macintosh; Intel Mac OS X 10_9_4) AppleWebKit/537.36 (KHTML, like Gecko) Chrome/36.0.1985.125 Safari/537.36""",To The Fairies They Draw Near,Loreena McKennitt,52.00934
1543061728796,80,paid,903,"Portland-South Portland, ME","""Mozilla/5.0 (Macintosh; Intel Mac OS X 10_9_4) AppleWebKit/537.36 (KHTML, like Gecko) Chrome/36.0.1985.143 Safari/537.36""",Los Salieris De Charly,LeÃÂ³n Gieco,361.27302
1543061779796,67,free,807,"Nashville-Davidson--Murfreesboro--Franklin, TN","""Mozilla/5.0 (Macintosh; Intel Mac OS X 10_9_4) AppleWebKit/537.36 (KHTML, like Gecko) Chrome/36.0.1985.125 Safari/537.36""",Sinisten tÃÂ¤htien alla,J. Karjalainen & Mustat Lasit,336.74404
1543061847796,95,paid,564,"Winston-Salem, NC","""Mozilla/5.0 (iPhone; CPU iPhone OS 7_1_2 like Mac OS X) AppleWebKit/537.51.2 (KHTML, like Gecko) Version/7.0 Mobile/11D257 Safari/9537.53""",Yeah! New York,Yeah Yeah Yeahs,125.20444
1543061972796,95,paid,564,"Winston-Salem, NC","""Mozilla/5.0 (iPhone; CPU iPhone OS 7_1_2 like Mac OS X) AppleWebKit/537.51.2 (KHTML, like Gecko) Version/7.0 Mobile/11D257 Safari/9537.53""",Here Without You,3 Doors Down,237.13914
1543062089796,80,paid,903,"Portland-South Portland, ME","""Mozilla/5.0 (Macintosh; Intel Mac OS X 10_9_4) AppleWebKit/537.36 (KHTML, like Gecko) Chrome/36.0.1985.143 Safari/537.36""",Rock The Casbah,The Clash,221.6224
1543062115796,67,free,807,"Nashville-Davidson--Murfreesboro--Franklin, TN","""Mozilla/5.0 (Macintosh; Intel Mac OS X 10_9_4) AppleWebKit/537.36 (KHTML, like Gecko) Chrome/36.0.1985.125 Safari/537.36""",Updated & Still Hated (The Ball Point Composer Album Version),Freddie Bruno,230.21669
1543062209796,95,paid,564,"Winston-Salem, NC","""Mozilla/5.0 (iPhone; CPU iPhone OS 7_1_2 like Mac OS X) AppleWebKit/537.51.2 (KHTML, like Gecko) Version/7.0 Mobile/11D257 Safari/9537.53""",Everything Means Nothing To Me,Elliott Smith,146.15465
1543062310796,80,paid,903,"Portland-South Portland, ME","""Mozilla/5.0 (Macintosh; Intel Mac OS X 10_9_4) AppleWebKit/537.36 (KHTML, like Gecko) Chrome/36.0.1985.143 Safari/537.36""",Behind The Sea [Live In Chicago],Panic At The Disco,259.29098
1543062345796,67,free,807,"Nashville-Davidson--Murfreesboro--Franklin, TN","""Mozilla/5.0 (Macintosh; Intel Mac OS X 10_9_4) AppleWebKit/537.36 (KHTML, like Gecko) Chrome/36.0.1985.125 Safari/537.36""",Fix You,Coldplay,294.1122
1543062355796,95,paid,564,"Winston-Salem, NC","""Mozilla/5.0 (iPhone; CPU iPhone OS 7_1_2 like Mac OS X) AppleWebKit/537.51.2 (KHTML, like Gecko) Version/7.0 Mobile/11D257 Safari/9537.53""",Dirt Road Anthem (feat. Brantley Gilbert),Colt Ford,222.04036
1543062569796,80,paid,903,"Portland-South Portland, ME","""Mozilla/5.0 (Macintosh; Intel Mac OS X 10_9_4) AppleWebKit/537.36 (KHTML, like Gecko) Chrome/36.0.1985.143 Safari/537.36""",What Makes A Man,City And Colour,208.43057
1543062577796,95,paid,564,"Winston-Salem, NC","""Mozilla/5.0 (iPhone; CPU iPhone OS 7_1_2 like Mac OS X) AppleWebKit/537.51.2 (KHTML, like Gecko) Version/7.0 Mobile/11D257 Safari/9537.53""",R.I.P. Burn Face,Cocorosie,280.24118
1543062612796,73,paid,692,"Tampa-St. Petersburg-Clearwater, FL","""Mozilla/5.0 (Macintosh; Intel Mac OS X 10_9_4) AppleWebKit/537.78.2 (KHTML, like Gecko) Version/7.0.6 Safari/537.78.2""",Who Can Compare,Foolish Things,266.86649
1543062639796,67,free,807,"Nashville-Davidson--Murfreesboro--Franklin, TN","""Mozilla/5.0 (Macintosh; Intel Mac OS X 10_9_4) AppleWebKit/537.36 (KHTML, like Gecko) Chrome/36.0.1985.125 Safari/537.36""",Walking On Sunshine,Katrina & The Waves,220.9171
1543062777796,80,paid,903,"Portland-South Portland, ME","""Mozilla/5.0 (Macintosh; Intel Mac OS X 10_9_4) AppleWebKit/537.36 (KHTML, like Gecko) Chrome/36.0.1985.143 Safari/537.36""",Something in the Way (Album version),Tricky,204.14649
1543062857796,95,paid,564,"Winston-Salem, NC","""Mozilla/5.0 (iPhone; CPU iPhone OS 7_1_2 like Mac OS X) AppleWebKit/537.51.2 (KHTML, like Gecko) Version/7.0 Mobile/11D257 Safari/9537.53""",Uptown Invisible,Moose,215.17016
1543062878796,73,paid,692,"Tampa-St. Petersburg-Clearwater, FL","""Mozilla/5.0 (Macintosh; Intel Mac OS X 10_9_4) AppleWebKit/537.78.2 (KHTML, like Gecko) Version/7.0.6 Safari/537.78.2""",SÃÂ¤g ingenting till mig,Melissa Horn,211.33016
1543062981796,80,paid,903,"Portland-South Portland, ME","""Mozilla/5.0 (Macintosh; Intel Mac OS X 10_9_4) AppleWebKit/537.36 (KHTML, like Gecko) Chrome/36.0.1985.143 Safari/537.36""",Wake Up,Fergie,396.12036
1543063072796,95,paid,564,"Winston-Salem, NC","""Mozilla/5.0 (iPhone; CPU iPhone OS 7_1_2 like Mac OS X) AppleWebKit/537.51.2 (KHTML, like Gecko) Version/7.0 Mobile/11D257 Safari/9537.53""",Glad All Over,Terrorvision,160.54812
1543063089796,73,paid,692,"Tampa-St. Petersburg-Clearwater, FL","""Mozilla/5.0 (Macintosh; Intel Mac OS X 10_9_4) AppleWebKit/537.78.2 (KHTML, like Gecko) Version/7.0.6 Safari/537.78.2""",What A Meeting In The Air (Atlanta Homecoming Album Version),David Phelps,291.47383
1543063232796,95,paid,564,"Winston-Salem, NC","""Mozilla/5.0 (iPhone; CPU iPhone OS 7_1_2 like Mac OS X) AppleWebKit/537.51.2 (KHTML, like Gecko) Version/7.0 Mobile/11D257 Safari/9537.53""",No Wow,The Kills,287.65995
1543063377796,80,paid,903,"Portland-South Portland, ME","""Mozilla/5.0 (Macintosh; Intel Mac OS X 10_9_4) AppleWebKit/537.36 (KHTML, like Gecko) Chrome/36.0.1985.143 Safari/537.36""",Don't Wanna Lose You,Lionel Richie,301.68771
1543063380796,73,paid,692,"Tampa-St. Petersburg-Clearwater, FL","""Mozilla/5.0 (Macintosh; Intel Mac OS X 10_9_4) AppleWebKit/537.78.2 (KHTML, like Gecko) Version/7.0.6 Safari/537.78.2""",Angie (1993 Digital Remaster),The Rolling Stones,271.49016
1543063519796,95,paid,564,"Winston-Salem, NC","""Mozilla/5.0 (iPhone; CPU iPhone OS 7_1_2 like Mac OS X) AppleWebKit/537.51.2 (KHTML, like Gecko) Version/7.0 Mobile/11D257 Safari/9537.53""",Pulk/Pull Revolving Doors,Radiohead,246.96118
1543063651796,73,paid,692,"Tampa-St. Petersburg-Clearwater, FL","""Mozilla/5.0 (Macintosh; Intel Mac OS X 10_9_4) AppleWebKit/537.78.2 (KHTML, like Gecko) Version/7.0.6 Safari/537.78.2""",Raining in September,Rufio,36.33587
1543063678796,80,paid,903,"Portland-South Portland, ME","""Mozilla/5.0 (Macintosh; Intel Mac OS X 10_9_4) AppleWebKit/537.36 (KHTML, like Gecko) Chrome/36.0.1985.143 Safari/537.36""",Godine prolaze,Bajaga & Instruktori,254.95465
1543063687796,73,paid,692,"Tampa-St. Petersburg-Clearwater, FL","""Mozilla/5.0 (Macintosh; Intel Mac OS X 10_9_4) AppleWebKit/537.78.2 (KHTML, like Gecko) Version/7.0.6 Safari/537.78.2""",Reason I'm Alive (Explicit),Drowning Pool,229.35465
1543063765796,95,paid,564,"Winston-Salem, NC","""Mozilla/5.0 (iPhone; CPU iPhone OS 7_1_2 like Mac OS X) AppleWebKit/537.51.2 (KHTML, like Gecko) Version/7.0 Mobile/11D257 Safari/9537.53""",Such Great Heights,The Postal Service,266.47465
1543063916796,73,paid,692,"Tampa-St. Petersburg-Clearwater, FL","""Mozilla/5.0 (Macintosh; Intel Mac OS X 10_9_4) AppleWebKit/537.78.2 (KHTML, like Gecko) Version/7.0.6 Safari/537.78.2""",All Summer Long (Album Version),Kid Rock,296.95955
1543063932796,80,paid,903,"Portland-South Portland, ME","""Mozilla/5.0 (Macintosh; Intel Mac OS X 10_9_4) AppleWebKit/537.36 (KHTML, like Gecko) Chrome/36.0.1985.143 Safari/537.36""",Shout,Tears For Fears,290.89914
1543064031796,95,paid,564,"Winston-Salem, NC","""Mozilla/5.0 (iPhone; CPU iPhone OS 7_1_2 like Mac OS X) AppleWebKit/537.51.2 (KHTML, like Gecko) Version/7.0 Mobile/11D257 Safari/9537.53""",paranoid android,Christopher O'Riley,337.91955
1543064212796,73,paid,692,"Tampa-St. Petersburg-Clearwater, FL","""Mozilla/5.0 (Macintosh; Intel Mac OS X 10_9_4) AppleWebKit/537.78.2 (KHTML, like Gecko) Version/7.0.6 Safari/537.78.2""",Folkin' Around [Live In Chicago],Panic At The Disco,114.31138
1543064222796,80,paid,903,"Portland-South Portland, ME","""Mozilla/5.0 (Macintosh; Intel Mac OS X 10_9_4) AppleWebKit/537.36 (KHTML, like Gecko) Chrome/36.0.1985.143 Safari/537.36""",I Remember,Deadmau5 & Kaskade,595.56526
1543064326796,73,paid,692,"Tampa-St. Petersburg-Clearwater, FL","""Mozilla/5.0 (Macintosh; Intel Mac OS X 10_9_4) AppleWebKit/537.78.2 (KHTML, like Gecko) Version/7.0.6 Safari/537.78.2""",What Do I Do With My Heart,Eagles,234.31791
1543064368796,95,paid,564,"Winston-Salem, NC","""Mozilla/5.0 (iPhone; CPU iPhone OS 7_1_2 like Mac OS X) AppleWebKit/537.51.2 (KHTML, like Gecko) Version/7.0 Mobile/11D257 Safari/9537.53""",The Scientist,Coldplay,311.27465
1543064560796,73,paid,692,"Tampa-St. Petersburg-Clearwater, FL","""Mozilla/5.0 (Macintosh; Intel Mac OS X 10_9_4) AppleWebKit/537.78.2 (KHTML, like Gecko) Version/7.0.6 Safari/537.78.2""",Sinisten tÃÂ¤htien alla,J. Karjalainen & Mustat Lasit,336.74404
1543064679796,95,paid,564,"Winston-Salem, NC","""Mozilla/5.0 (iPhone; CPU iPhone OS 7_1_2 like Mac OS X) AppleWebKit/537.51.2 (KHTML, like Gecko) Version/7.0 Mobile/11D257 Safari/9537.53""",Concorde,Amaral,220.81261
1543064896796,73,paid,692,"Tampa-St. Petersburg-Clearwater, FL","""Mozilla/5.0 (Macintosh; Intel Mac OS X 10_9_4) AppleWebKit/537.78.2 (KHTML, like Gecko) Version/7.0.6 Safari/537.78.2""",Boom (Album Version),Flight Of The Conchords,137.482
1543064899796,95,paid,564,"Winston-Salem, NC","""Mozilla/5.0 (iPhone; CPU iPhone OS 7_1_2 like Mac OS X) AppleWebKit/537.51.2 (KHTML, like Gecko) Version/7.0 Mobile/11D257 Safari/9537.53""",Video Killed The Radio Star,The Buggles,198.08608
1543065033796,73,paid,692,"Tampa-St. Petersburg-Clearwater, FL","""Mozilla/5.0 (Macintosh; Intel Mac OS X 10_9_4) AppleWebKit/537.78.2 (KHTML, like Gecko) Version/7.0.6 Safari/537.78.2""",Found Home,59 Times the Pain,144.95302
1543065097796,95,paid,564,"Winston-Salem, NC","""Mozilla/5.0 (iPhone; CPU iPhone OS 7_1_2 like Mac OS X) AppleWebKit/537.51.2 (KHTML, like Gecko) Version/7.0 Mobile/11D257 Safari/9537.53""",Roadside,Rise Against,201.01179
1543065177796,73,paid,692,"Tampa-St. Petersburg-Clearwater, FL","""Mozilla/5.0 (Macintosh; Intel Mac OS X 10_9_4) AppleWebKit/537.78.2 (KHTML, like Gecko) Version/7.0.6 Safari/537.78.2""",Horn Concerto No. 4 in E flat K495: II. Romance (Andante cantabile),Barry Tuckwell/Academy of St Martin-in-the-Fields/Sir Neville Marriner,277.15873
1543065298796,95,paid,564,"Winston-Salem, NC","""Mozilla/5.0 (iPhone; CPU iPhone OS 7_1_2 like Mac OS X) AppleWebKit/537.51.2 (KHTML, like Gecko) Version/7.0 Mobile/11D257 Safari/9537.53""",Canada,Five Iron Frenzy,236.09424
1543065454796,73,paid,692,"Tampa-St. Petersburg-Clearwater, FL","""Mozilla/5.0 (Macintosh; Intel Mac OS X 10_9_4) AppleWebKit/537.78.2 (KHTML, like Gecko) Version/7.0.6 Safari/537.78.2""",Cash Still Rules/Scary Hours (still don't nothing move but the money),Wu-Tang Clan,181.60281
1543065534796,95,paid,564,"Winston-Salem, NC","""Mozilla/5.0 (iPhone; CPU iPhone OS 7_1_2 like Mac OS X) AppleWebKit/537.51.2 (KHTML, like Gecko) Version/7.0 Mobile/11D257 Safari/9537.53""",Uncle Jonny,The Killers,265.84771
1543065635796,73,paid,692,"Tampa-St. Petersburg-Clearwater, FL","""Mozilla/5.0 (Macintosh; Intel Mac OS X 10_9_4) AppleWebKit/537.78.2 (KHTML, like Gecko) Version/7.0.6 Safari/537.78.2""",Reptilia,The Strokes,219.81995
1543065799796,95,paid,564,"Winston-Salem, NC","""Mozilla/5.0 (iPhone; CPU iPhone OS 7_1_2 like Mac OS X) AppleWebKit/537.51.2 (KHTML, like Gecko) Version/7.0 Mobile/11D257 Safari/9537.53""",Littlest Things,Lily Allen,181.26322
1543065854796,73,paid,692,"Tampa-St. Petersburg-Clearwater, FL","""Mozilla/5.0 (Macintosh; Intel Mac OS X 10_9_4) AppleWebKit/537.78.2 (KHTML, like Gecko) Version/7.0.6 Safari/537.78.2""",Old School Rules (Album Version),Danger Doom,160.36526
1543065980796,95,paid,564,"Winston-Salem, NC","""Mozilla/5.0 (iPhone; CPU iPhone OS 7_1_2 like Mac OS X) AppleWebKit/537.51.2 (KHTML, like Gecko) Version/7.0 Mobile/11D257 Safari/9537.53""",Where You From?,RinÃÂ´ÃÂ§ÃÂ©rÃÂ´se / Mark Gardener,215.09179
1543066014796,73,paid,692,"Tampa-St. Petersburg-Clearwater, FL","""Mozilla/5.0 (Macintosh; Intel Mac OS X 10_9_4) AppleWebKit/537.78.2 (KHTML, like Gecko) Version/7.0.6 Safari/537.78.2""",I Could Sing Of Your Love Forever,Sonicflood,213.99465
1543066195796,95,paid,564,"Winston-Salem, NC","""Mozilla/5.0 (iPhone; CPU iPhone OS 7_1_2 like Mac OS X) AppleWebKit/537.51.2 (KHTML, like Gecko) Version/7.0 Mobile/11D257 Safari/9537.53""",Use Somebody,Kings Of Leon,231.26159
1543066227796,73,paid,692,"Tampa-St. Petersburg-Clearwater, FL","""Mozilla/5.0 (Macintosh; Intel Mac OS X 10_9_4) AppleWebKit/537.78.2 (KHTML, like Gecko) Version/7.0.6 Safari/537.78.2""",Stuck With You,Huey Lewis And The News,269.63546
1543066426796,95,paid,564,"Winston-Salem, NC","""Mozilla/5.0 (iPhone; CPU iPhone OS 7_1_2 like Mac OS X) AppleWebKit/537.51.2 (KHTML, like Gecko) Version/7.0 Mobile/11D257 Safari/9537.53""",Home,Edward Sharpe & The Magnetic Zeros,306.31138
1543066496796,73,paid,692,"Tampa-St. Petersburg-Clearwater, FL","""Mozilla/5.0 (Macintosh; Intel Mac OS X 10_9_4) AppleWebKit/537.78.2 (KHTML, like Gecko) Version/7.0.6 Safari/537.78.2""",Jack Explode,Stefano Prada feat. Mike Marfurt,302.13179
1543066732796,95,paid,564,"Winston-Salem, NC","""Mozilla/5.0 (iPhone; CPU iPhone OS 7_1_2 like Mac OS X) AppleWebKit/537.51.2 (KHTML, like Gecko) Version/7.0 Mobile/11D257 Safari/9537.53""",Float On,Modest Mouse,209.52771
1543066798796,73,paid,692,"Tampa-St. Petersburg-Clearwater, FL","""Mozilla/5.0 (Macintosh; Intel Mac OS X 10_9_4) AppleWebKit/537.78.2 (KHTML, like Gecko) Version/7.0.6 Safari/537.78.2""",Jesus_ Etc.,Wilco,239.98649
1543066941796,95,paid,564,"Winston-Salem, NC","""Mozilla/5.0 (iPhone; CPU iPhone OS 7_1_2 like Mac OS X) AppleWebKit/537.51.2 (KHTML, like Gecko) Version/7.0 Mobile/11D257 Safari/9537.53""",This Cowboy Song,Sting,299.96363
1543067037796,73,paid,692,"Tampa-St. Petersburg-Clearwater, FL","""Mozilla/5.0 (Macintosh; Intel Mac OS X 10_9_4) AppleWebKit/537.78.2 (KHTML, like Gecko) Version/7.0.6 Safari/537.78.2""",Swing Javanaise,Anis,246.59546
1543067240796,95,paid,564,"Winston-Salem, NC","""Mozilla/5.0 (iPhone; CPU iPhone OS 7_1_2 like Mac OS X) AppleWebKit/537.51.2 (KHTML, like Gecko) Version/7.0 Mobile/11D257 Safari/9537.53""",Secrets,OneRepublic,224.67873
1543067283796,73,paid,692,"Tampa-St. Petersburg-Clearwater, FL","""Mozilla/5.0 (Macintosh; Intel Mac OS X 10_9_4) AppleWebKit/537.78.2 (KHTML, like Gecko) Version/7.0.6 Safari/537.78.2""",Intergalactic,Beastie Boys,209.81506
1543067464796,95,paid,564,"Winston-Salem, NC","""Mozilla/5.0 (iPhone; CPU iPhone OS 7_1_2 like Mac OS X) AppleWebKit/537.51.2 (KHTML, like Gecko) Version/7.0 Mobile/11D257 Safari/9537.53""","Prelude (""The World is In Fear Again and It Has All Been Manufactured"")",Kiss the Anus of a Black Cat,151.97995
1543067492796,73,paid,692,"Tampa-St. Petersburg-Clearwater, FL","""Mozilla/5.0 (Macintosh; Intel Mac OS X 10_9_4) AppleWebKit/537.78.2 (KHTML, like Gecko) Version/7.0.6 Safari/537.78.2""",Nada De Ti,Paulina Rubio,213.55057
1543067615796,95,paid,564,"Winston-Salem, NC","""Mozilla/5.0 (iPhone; CPU iPhone OS 7_1_2 like Mac OS X) AppleWebKit/537.51.2 (KHTML, like Gecko) Version/7.0 Mobile/11D257 Safari/9537.53""",Neon Bible,Arcade Fire,136.69832
1543067705796,73,paid,692,"Tampa-St. Petersburg-Clearwater, FL","""Mozilla/5.0 (Macintosh; Intel Mac OS X 10_9_4) AppleWebKit/537.78.2 (KHTML, like Gecko) Version/7.0.6 Safari/537.78.2""",Think Of You,A Fine Frenzy,245.52444
1543067751796,95,paid,564,"Winston-Salem, NC","""Mozilla/5.0 (iPhone; CPU iPhone OS 7_1_2 like Mac OS X) AppleWebKit/537.51.2 (KHTML, like Gecko) Version/7.0 Mobile/11D257 Safari/9537.53""",Up Up & Away,Kid Cudi,227.34322
1543067950796,73,paid,692,"Tampa-St. Petersburg-Clearwater, FL","""Mozilla/5.0 (Macintosh; Intel Mac OS X 10_9_4) AppleWebKit/537.78.2 (KHTML, like Gecko) Version/7.0.6 Safari/537.78.2""",I Kissed A Girl,Katy Perry,179.40853
1543067978796,95,paid,564,"Winston-Salem, NC","""Mozilla/5.0 (iPhone; CPU iPhone OS 7_1_2 like Mac OS X) AppleWebKit/537.51.2 (KHTML, like Gecko) Version/7.0 Mobile/11D257 Safari/9537.53""",Moondance (Album Version),Michael BublÃÂ©,253.88363
1543068129796,73,paid,692,"Tampa-St. Petersburg-Clearwater, FL","""Mozilla/5.0 (Macintosh; Intel Mac OS X 10_9_4) AppleWebKit/537.78.2 (KHTML, like Gecko) Version/7.0.6 Safari/537.78.2""",Mr Vain,Culture Beat,257.43628
1543068231796,95,paid,564,"Winston-Salem, NC","""Mozilla/5.0 (iPhone; CPU iPhone OS 7_1_2 like Mac OS X) AppleWebKit/537.51.2 (KHTML, like Gecko) Version/7.0 Mobile/11D257 Safari/9537.53""",Walcott (Album),Vampire Weekend,221.64853
1543068386796,73,paid,692,"Tampa-St. Petersburg-Clearwater, FL","""Mozilla/5.0 (Macintosh; Intel Mac OS X 10_9_4) AppleWebKit/537.78.2 (KHTML, like Gecko) Version/7.0.6 Safari/537.78.2""",Orange Alert (DFA Remix),Metro Area,339.27791
1543068452796,95,paid,564,"Winston-Salem, NC","""Mozilla/5.0 (iPhone; CPU iPhone OS 7_1_2 like Mac OS X) AppleWebKit/537.51.2 (KHTML, like Gecko) Version/7.0 Mobile/11D257 Safari/9537.53""",Dog Days Are Over (Radio Edit),Florence + The Machine,219.66322
1543068671796,95,paid,564,"Winston-Salem, NC","""Mozilla/5.0 (iPhone; CPU iPhone OS 7_1_2 like Mac OS X) AppleWebKit/537.51.2 (KHTML, like Gecko) Version/7.0 Mobile/11D257 Safari/9537.53""",Roquefort (with Empire Horns),Karnivool,289.30567
1543068725796,73,paid,692,"Tampa-St. Petersburg-Clearwater, FL","""Mozilla/5.0 (Macintosh; Intel Mac OS X 10_9_4) AppleWebKit/537.78.2 (KHTML, like Gecko) Version/7.0.6 Safari/537.78.2""",Sylvia Plath,Ryan Adams,250.06975
1543068960796,95,paid,564,"Winston-Salem, NC","""Mozilla/5.0 (iPhone; CPU iPhone OS 7_1_2 like Mac OS X) AppleWebKit/537.51.2 (KHTML, like Gecko) Version/7.0 Mobile/11D257 Safari/9537.53""",When It Rains (Album Version),Paramore,215.09179
1543068975796,73,paid,692,"Tampa-St. Petersburg-Clearwater, FL","""Mozilla/5.0 (Macintosh; Intel Mac OS X 10_9_4) AppleWebKit/537.78.2 (KHTML, like Gecko) Version/7.0.6 Safari/537.78.2""",Let's Play House,Ray J,234.26567
1543069175796,95,paid,564,"Winston-Salem, NC","""Mozilla/5.0 (iPhone; CPU iPhone OS 7_1_2 like Mac OS X) AppleWebKit/537.51.2 (KHTML, like Gecko) Version/7.0 Mobile/11D257 Safari/9537.53""",Never Saw It Coming,Hoobastank,199.67955
1543069209796,73,paid,692,"Tampa-St. Petersburg-Clearwater, FL","""Mozilla/5.0 (Macintosh; Intel Mac OS X 10_9_4) AppleWebKit/537.78.2 (KHTML, like Gecko) Version/7.0.6 Safari/537.78.2""",Robot Soul (Radio Edit),Cosmo Vitelli,206.05342
1543069374796,95,paid,564,"Winston-Salem, NC","""Mozilla/5.0 (iPhone; CPU iPhone OS 7_1_2 like Mac OS X) AppleWebKit/537.51.2 (KHTML, like Gecko) Version/7.0 Mobile/11D257 Safari/9537.53""",Hateful,The Clash,164.04853
1543069415796,73,paid,692,"Tampa-St. Petersburg-Clearwater, FL","""Mozilla/5.0 (Macintosh; Intel Mac OS X 10_9_4) AppleWebKit/537.78.2 (KHTML, like Gecko) Version/7.0.6 Safari/537.78.2""", I Will Not Reap Destruction,We Came As Romans,238.13179
1543069538796,95,paid,564,"Winston-Salem, NC","""Mozilla/5.0 (iPhone; CPU iPhone OS 7_1_2 like Mac OS X) AppleWebKit/537.51.2 (KHTML, like Gecko) Version/7.0 Mobile/11D257 Safari/9537.53""",Last Cup Of Sorrow,Faith No More,249.86077
1543069653796,73,paid,692,"Tampa-St. Petersburg-Clearwater, FL","""Mozilla/5.0 (Macintosh; Intel Mac OS X 10_9_4) AppleWebKit/537.78.2 (KHTML, like Gecko) Version/7.0.6 Safari/537.78.2""",It's My Party,Lesley Gore,134.37342
1543069787796,95,paid,564,"Winston-Salem, NC","""Mozilla/5.0 (iPhone; CPU iPhone OS 7_1_2 like Mac OS X) AppleWebKit/537.51.2 (KHTML, like Gecko) Version/7.0 Mobile/11D257 Safari/9537.53""",Hey There Delilah,Plain White T's,232.202
1543069787796,73,paid,692,"Tampa-St. Petersburg-Clearwater, FL","""Mozilla/5.0 (Macintosh; Intel Mac OS X 10_9_4) AppleWebKit/537.78.2 (KHTML, like Gecko) Version/7.0.6 Safari/537.78.2""",Do You Really Want To Hurt Me (2002 Digital Remaster),Culture Club,264.69832
1543070051796,73,paid,692,"Tampa-St. Petersburg-Clearwater, FL","""Mozilla/5.0 (Macintosh; Intel Mac OS X 10_9_4) AppleWebKit/537.78.2 (KHTML, like Gecko) Version/7.0.6 Safari/537.78.2""",Rhapsody In Blue,Richard Clayderman,303.80363
1543070354796,73,paid,692,"Tampa-St. Petersburg-Clearwater, FL","""Mozilla/5.0 (Macintosh; Intel Mac OS X 10_9_4) AppleWebKit/537.78.2 (KHTML, like Gecko) Version/7.0.6 Safari/537.78.2""",Teach Me How To Dougie,California Swag District,239.17669
1543070593796,73,paid,692,"Tampa-St. Petersburg-Clearwater, FL","""Mozilla/5.0 (Macintosh; Intel Mac OS X 10_9_4) AppleWebKit/537.78.2 (KHTML, like Gecko) Version/7.0.6 Safari/537.78.2""",Cotton Eye Joe (Explicit),Red Nex,194.01098
1543070787796,73,paid,692,"Tampa-St. Petersburg-Clearwater, FL","""Mozilla/5.0 (Macintosh; Intel Mac OS X 10_9_4) AppleWebKit/537.78.2 (KHTML, like Gecko) Version/7.0.6 Safari/537.78.2""",Un Dia Gris,Paulina Rubio,174.31465
1543070961796,73,paid,692,"Tampa-St. Petersburg-Clearwater, FL","""Mozilla/5.0 (Macintosh; Intel Mac OS X 10_9_4) AppleWebKit/537.78.2 (KHTML, like Gecko) Version/7.0.6 Safari/537.78.2""",3,Britney Spears,213.28934
1543071174796,73,paid,692,"Tampa-St. Petersburg-Clearwater, FL","""Mozilla/5.0 (Macintosh; Intel Mac OS X 10_9_4) AppleWebKit/537.78.2 (KHTML, like Gecko) Version/7.0.6 Safari/537.78.2""",Almaz,Randy Crawford,270.75873
1543071444796,73,paid,692,"Tampa-St. Petersburg-Clearwater, FL","""Mozilla/5.0 (Macintosh; Intel Mac OS X 10_9_4) AppleWebKit/537.78.2 (KHTML, like Gecko) Version/7.0.6 Safari/537.78.2""",Love Pipe,Red Elvises,207.04608
1543071651796,73,paid,692,"Tampa-St. Petersburg-Clearwater, FL","""Mozilla/5.0 (Macintosh; Intel Mac OS X 10_9_4) AppleWebKit/537.78.2 (KHTML, like Gecko) Version/7.0.6 Safari/537.78.2""",Fast Cars,U2,206.88934
1543071857796,73,paid,692,"Tampa-St. Petersburg-Clearwater, FL","""Mozilla/5.0 (Macintosh; Intel Mac OS X 10_9_4) AppleWebKit/537.78.2 (KHTML, like Gecko) Version/7.0.6 Safari/537.78.2""",Stray Cat Strut,The Stray Cats,355.39546
1543072212796,73,paid,692,"Tampa-St. Petersburg-Clearwater, FL","""Mozilla/5.0 (Macintosh; Intel Mac OS X 10_9_4) AppleWebKit/537.78.2 (KHTML, like Gecko) Version/7.0.6 Safari/537.78.2""",Hanalei Bay,Govi,302.47138
1543072504796,49,paid,849,"San Francisco-Oakland-Hayward, CA",Mozilla/5.0 (Windows NT 5.1; rv:31.0) Gecko/20100101 Firefox/31.0,Learned Your Name,Frightened Rabbit,159.76444
1543072514796,73,paid,692,"Tampa-St. Petersburg-Clearwater, FL","""Mozilla/5.0 (Macintosh; Intel Mac OS X 10_9_4) AppleWebKit/537.78.2 (KHTML, like Gecko) Version/7.0.6 Safari/537.78.2""",Tunnel Of Love,Bruce Springsteen,311.66649
1543072663796,49,paid,849,"San Francisco-Oakland-Hayward, CA",Mozilla/5.0 (Windows NT 5.1; rv:31.0) Gecko/20100101 Firefox/31.0,Never Know,Jack Johnson,212.87138
1543072762796,10,free,877,"Washington-Arlington-Alexandria, DC-VA-MD-WV","""Mozilla/5.0 (Macintosh; Intel Mac OS X 10_9_4) AppleWebKit/537.77.4 (KHTML, like Gecko) Version/7.0.5 Safari/537.77.4""",Marciano (I Turned Into A Martian),Molotov,248.65914
1543072825796,73,paid,692,"Tampa-St. Petersburg-Clearwater, FL","""Mozilla/5.0 (Macintosh; Intel Mac OS X 10_9_4) AppleWebKit/537.78.2 (KHTML, like Gecko) Version/7.0.6 Safari/537.78.2""",Jesus He Knows Me (2007 Digital Remaster),Genesis,256.54812
1543072875796,49,paid,849,"San Francisco-Oakland-Hayward, CA",Mozilla/5.0 (Windows NT 5.1; rv:31.0) Gecko/20100101 Firefox/31.0,Move Along,The All-American Rejects,239.22893
1543073010796,10,free,877,"Washington-Arlington-Alexandria, DC-VA-MD-WV","""Mozilla/5.0 (Macintosh; Intel Mac OS X 10_9_4) AppleWebKit/537.77.4 (KHTML, like Gecko) Version/7.0.5 Safari/537.77.4""",Love Song For No One,John Mayer,201.56036
1543073081796,73,paid,692,"Tampa-St. Petersburg-Clearwater, FL","""Mozilla/5.0 (Macintosh; Intel Mac OS X 10_9_4) AppleWebKit/537.78.2 (KHTML, like Gecko) Version/7.0.6 Safari/537.78.2""",Mistica,Orishas,265.53424
1543073114796,49,paid,849,"San Francisco-Oakland-Hayward, CA",Mozilla/5.0 (Windows NT 5.1; rv:31.0) Gecko/20100101 Firefox/31.0,How 'Bout It,Bobby Valentino,228.46649
1543073342796,49,paid,849,"San Francisco-Oakland-Hayward, CA",Mozilla/5.0 (Windows NT 5.1; rv:31.0) Gecko/20100101 Firefox/31.0,Fireworks,Animal Collective,410.90567
1543073346796,73,paid,692,"Tampa-St. Petersburg-Clearwater, FL","""Mozilla/5.0 (Macintosh; Intel Mac OS X 10_9_4) AppleWebKit/537.78.2 (KHTML, like Gecko) Version/7.0.6 Safari/537.78.2""",harbor,Kaddisfly,275.27791
1543073621796,73,paid,692,"Tampa-St. Petersburg-Clearwater, FL","""Mozilla/5.0 (Macintosh; Intel Mac OS X 10_9_4) AppleWebKit/537.78.2 (KHTML, like Gecko) Version/7.0.6 Safari/537.78.2""",El mismo hombre,Revolver,318.87628
1543073752796,49,paid,849,"San Francisco-Oakland-Hayward, CA",Mozilla/5.0 (Windows NT 5.1; rv:31.0) Gecko/20100101 Firefox/31.0,Shooting Stars,Bag Raiders,232.85506
1543073939796,73,paid,692,"Tampa-St. Petersburg-Clearwater, FL","""Mozilla/5.0 (Macintosh; Intel Mac OS X 10_9_4) AppleWebKit/537.78.2 (KHTML, like Gecko) Version/7.0.6 Safari/537.78.2""",Servant Of Death's Head,Dave Brockie Experience,116.08771
1543073984796,49,paid,849,"San Francisco-Oakland-Hayward, CA",Mozilla/5.0 (Windows NT 5.1; rv:31.0) Gecko/20100101 Firefox/31.0,Can't Cry These Tears,Garbage,255.58159
1543074239796,49,paid,849,"San Francisco-Oakland-Hayward, CA",Mozilla/5.0 (Windows NT 5.1; rv:31.0) Gecko/20100101 Firefox/31.0,Stand By Me (LP Version),Ry Cooder,223.97342
1543074462796,49,paid,849,"San Francisco-Oakland-Hayward, CA",Mozilla/5.0 (Windows NT 5.1; rv:31.0) Gecko/20100101 Firefox/31.0,Fake Tales Of San Francisco,Arctic Monkeys,177.94567
1543074639796,49,paid,849,"San Francisco-Oakland-Hayward, CA",Mozilla/5.0 (Windows NT 5.1; rv:31.0) Gecko/20100101 Firefox/31.0,Undo,BjÃÂ¶rk,348.57751
1543074987796,49,paid,849,"San Francisco-Oakland-Hayward, CA",Mozilla/5.0 (Windows NT 5.1; rv:31.0) Gecko/20100101 Firefox/31.0,La Sin RazÃÂ³n,La Vela Puerca,183.19628
1543075170796,49,paid,849,"San Francisco-Oakland-Hayward, CA",Mozilla/5.0 (Windows NT 5.1; rv:31.0) Gecko/20100101 Firefox/31.0,No Envy No Fear,Joshua Radin,202.44853
1543075372796,49,paid,849,"San Francisco-Oakland-Hayward, CA",Mozilla/5.0 (Windows NT 5.1; rv:31.0) Gecko/20100101 Firefox/31.0,Punk Rock 101,Bowling For Soup,188.31628
1543075560796,49,paid,849,"San Francisco-Oakland-Hayward, CA",Mozilla/5.0 (Windows NT 5.1; rv:31.0) Gecko/20100101 Firefox/31.0,The Only Exception (Album Version),Paramore,267.65016
1543075827796,49,paid,849,"San Francisco-Oakland-Hayward, CA",Mozilla/5.0 (Windows NT 5.1; rv:31.0) Gecko/20100101 Firefox/31.0,Starz In Their Eyes,Just Jack,295.91465
1543076122796,49,paid,849,"San Francisco-Oakland-Hayward, CA",Mozilla/5.0 (Windows NT 5.1; rv:31.0) Gecko/20100101 Firefox/31.0,Hide & Seek,Imogen Heap,509.36118
1543076631796,49,paid,849,"San Francisco-Oakland-Hayward, CA",Mozilla/5.0 (Windows NT 5.1; rv:31.0) Gecko/20100101 Firefox/31.0,Shelter,Ray LaMontagne,276.87138
1543076907796,49,paid,849,"San Francisco-Oakland-Hayward, CA",Mozilla/5.0 (Windows NT 5.1; rv:31.0) Gecko/20100101 Firefox/31.0,You're Beautiful,Phil Wickham,293.72036
1543077200796,49,paid,849,"San Francisco-Oakland-Hayward, CA",Mozilla/5.0 (Windows NT 5.1; rv:31.0) Gecko/20100101 Firefox/31.0,Until The End Of Time,Justin Timberlake duet with Beyonce,322.16771
1543077398796,80,paid,910,"Portland-South Portland, ME","""Mozilla/5.0 (Macintosh; Intel Mac OS X 10_9_4) AppleWebKit/537.36 (KHTML, like Gecko) Chrome/36.0.1985.143 Safari/537.36""",The Nation,Freeway,22.12526
1543077420796,80,paid,910,"Portland-South Portland, ME","""Mozilla/5.0 (Macintosh; Intel Mac OS X 10_9_4) AppleWebKit/537.36 (KHTML, like Gecko) Chrome/36.0.1985.143 Safari/537.36""",Playground Love,Air,212.21832
1543077522796,49,paid,849,"San Francisco-Oakland-Hayward, CA",Mozilla/5.0 (Windows NT 5.1; rv:31.0) Gecko/20100101 Firefox/31.0,Rikkalicious ,HervÃÂ© & Kissy Sellout,341.41995
1543077632796,80,paid,910,"Portland-South Portland, ME","""Mozilla/5.0 (Macintosh; Intel Mac OS X 10_9_4) AppleWebKit/537.36 (KHTML, like Gecko) Chrome/36.0.1985.143 Safari/537.36""",Aum Aum,OV7,222.79791
1543077854796,80,paid,910,"Portland-South Portland, ME","""Mozilla/5.0 (Macintosh; Intel Mac OS X 10_9_4) AppleWebKit/537.36 (KHTML, like Gecko) Chrome/36.0.1985.143 Safari/537.36""",Rats In The Cellar,Aerosmith,248.00608
1543077863796,49,paid,849,"San Francisco-Oakland-Hayward, CA",Mozilla/5.0 (Windows NT 5.1; rv:31.0) Gecko/20100101 Firefox/31.0,Rhythm Of The Night,DeBarge,234.03057
1543077907796,29,paid,898,"Atlanta-Sandy Springs-Roswell, GA","""Mozilla/5.0 (Macintosh; Intel Mac OS X 10_9_4) AppleWebKit/537.78.2 (KHTML, like Gecko) Version/7.0.6 Safari/537.78.2""",From This Day Forward,Kevin Kern,291.29098
1543078097796,49,paid,849,"San Francisco-Oakland-Hayward, CA",Mozilla/5.0 (Windows NT 5.1; rv:31.0) Gecko/20100101 Firefox/31.0,Blue Kiss,Jane Wiedlin,207.12444
1543078102796,80,paid,910,"Portland-South Portland, ME","""Mozilla/5.0 (Macintosh; Intel Mac OS X 10_9_4) AppleWebKit/537.36 (KHTML, like Gecko) Chrome/36.0.1985.143 Safari/537.36""",Lost Cause,Beck,228.80608
1543078198796,29,paid,898,"Atlanta-Sandy Springs-Roswell, GA","""Mozilla/5.0 (Macintosh; Intel Mac OS X 10_9_4) AppleWebKit/537.78.2 (KHTML, like Gecko) Version/7.0.6 Safari/537.78.2""",CoraÃÂ§ÃÂ£o Vagabundo,Ana CaÃÂ±as,279.50975
1543078304796,49,paid,849,"San Francisco-Oakland-Hayward, CA",Mozilla/5.0 (Windows NT 5.1; rv:31.0) Gecko/20100101 Firefox/31.0,Red October,Lange,305.84118
1543078330796,80,paid,910,"Portland-South Portland, ME","""Mozilla/5.0 (Macintosh; Intel Mac OS X 10_9_4) AppleWebKit/537.36 (KHTML, like Gecko) Chrome/36.0.1985.143 Safari/537.36""",Fever,BeyoncÃÂ©,271.82975
1543078477796,29,paid,898,"Atlanta-Sandy Springs-Roswell, GA","""Mozilla/5.0 (Macintosh; Intel Mac OS X 10_9_4) AppleWebKit/537.78.2 (KHTML, like Gecko) Version/7.0.6 Safari/537.78.2""",Ramble On,Train,278.04689
1543078601796,80,paid,910,"Portland-South Portland, ME","""Mozilla/5.0 (Macintosh; Intel Mac OS X 10_9_4) AppleWebKit/537.36 (KHTML, like Gecko) Chrome/36.0.1985.143 Safari/537.36""",Baby I'm Just A Fool,Spiritualized,427.31057
1543078609796,49,paid,849,"San Francisco-Oakland-Hayward, CA",Mozilla/5.0 (Windows NT 5.1; rv:31.0) Gecko/20100101 Firefox/31.0,Revenga,System of a Down,228.0224
1543078755796,29,paid,898,"Atlanta-Sandy Springs-Roswell, GA","""Mozilla/5.0 (Macintosh; Intel Mac OS X 10_9_4) AppleWebKit/537.78.2 (KHTML, like Gecko) Version/7.0.6 Safari/537.78.2""",Monster,Lady GaGa,249.20771
1543078837796,49,paid,849,"San Francisco-Oakland-Hayward, CA",Mozilla/5.0 (Windows NT 5.1; rv:31.0) Gecko/20100101 Firefox/31.0,"Phony Calls (Parody of ""Waterfalls"" by TLC)",Weird Al Yankovic,202.63138
1543079004796,29,paid,898,"Atlanta-Sandy Springs-Roswell, GA","""Mozilla/5.0 (Macintosh; Intel Mac OS X 10_9_4) AppleWebKit/537.78.2 (KHTML, like Gecko) Version/7.0.6 Safari/537.78.2""",Home,Edward Sharpe & The Magnetic Zeros,306.31138
1543079028796,80,paid,910,"Portland-South Portland, ME","""Mozilla/5.0 (Macintosh; Intel Mac OS X 10_9_4) AppleWebKit/537.36 (KHTML, like Gecko) Chrome/36.0.1985.143 Safari/537.36""",Deathzone,Apocalyptica,275.25179
1543079039796,49,paid,849,"San Francisco-Oakland-Hayward, CA",Mozilla/5.0 (Windows NT 5.1; rv:31.0) Gecko/20100101 Firefox/31.0,The Feel Good Drag,Anberlin,204.32934
1543079243796,49,paid,849,"San Francisco-Oakland-Hayward, CA",Mozilla/5.0 (Windows NT 5.1; rv:31.0) Gecko/20100101 Firefox/31.0,Whispers In The Dark (Radio Edit),Skillet,193.25342
1543079303796,80,paid,910,"Portland-South Portland, ME","""Mozilla/5.0 (Macintosh; Intel Mac OS X 10_9_4) AppleWebKit/537.36 (KHTML, like Gecko) Chrome/36.0.1985.143 Safari/537.36""",Somebody To Love,Justin Bieber,220.89098
1543079310796,29,paid,898,"Atlanta-Sandy Springs-Roswell, GA","""Mozilla/5.0 (Macintosh; Intel Mac OS X 10_9_4) AppleWebKit/537.78.2 (KHTML, like Gecko) Version/7.0.6 Safari/537.78.2""",Kassie Jones (Casey Jones),Furry Lewis,178.05016
1543079436796,49,paid,849,"San Francisco-Oakland-Hayward, CA",Mozilla/5.0 (Windows NT 5.1; rv:31.0) Gecko/20100101 Firefox/31.0,Heart Cooks Brain,Modest Mouse,243.17342
1543079488796,29,paid,898,"Atlanta-Sandy Springs-Roswell, GA","""Mozilla/5.0 (Macintosh; Intel Mac OS X 10_9_4) AppleWebKit/537.78.2 (KHTML, like Gecko) Version/7.0.6 Safari/537.78.2""",Conroy,Cake,181.36771
1543079523796,80,paid,910,"Portland-South Portland, ME","""Mozilla/5.0 (Macintosh; Intel Mac OS X 10_9_4) AppleWebKit/537.36 (KHTML, like Gecko) Chrome/36.0.1985.143 Safari/537.36""",Third Degree,Eddie Boyd,196.362
1543079669796,29,paid,898,"Atlanta-Sandy Springs-Roswell, GA","""Mozilla/5.0 (Macintosh; Intel Mac OS X 10_9_4) AppleWebKit/537.78.2 (KHTML, like Gecko) Version/7.0.6 Safari/537.78.2""",Voodoo Doll,Fergie,263.05261
1543079679796,49,paid,849,"San Francisco-Oakland-Hayward, CA",Mozilla/5.0 (Windows NT 5.1; rv:31.0) Gecko/20100101 Firefox/31.0,Walk Through Hell (featuring Max Bemis Acoustic Exclusive),Say Anything,208.77016
1543079719796,80,paid,910,"Portland-South Portland, ME","""Mozilla/5.0 (Macintosh; Intel Mac OS X 10_9_4) AppleWebKit/537.36 (KHTML, like Gecko) Chrome/36.0.1985.143 Safari/537.36""",Rapture at Sea,Eastern Sun and John Kelley,457.50812
1543079887796,49,paid,849,"San Francisco-Oakland-Hayward, CA",Mozilla/5.0 (Windows NT 5.1; rv:31.0) Gecko/20100101 Firefox/31.0,I Wish,Najee,232.4371
1543079932796,29,paid,898,"Atlanta-Sandy Springs-Roswell, GA","""Mozilla/5.0 (Macintosh; Intel Mac OS X 10_9_4) AppleWebKit/537.78.2 (KHTML, like Gecko) Version/7.0.6 Safari/537.78.2""",Droomland (duet met Paul de Leeuw),Andre Hazes,206.70649
1543080119796,49,paid,849,"San Francisco-Oakland-Hayward, CA",Mozilla/5.0 (Windows NT 5.1; rv:31.0) Gecko/20100101 Firefox/31.0,Kryptonite,3 Doors Down,233.74322
1543080138796,29,paid,898,"Atlanta-Sandy Springs-Roswell, GA","""Mozilla/5.0 (Macintosh; Intel Mac OS X 10_9_4) AppleWebKit/537.78.2 (KHTML, like Gecko) Version/7.0.6 Safari/537.78.2""",Nausea,Ultra Vivid Scene,196.93669
1543080334796,29,paid,898,"Atlanta-Sandy Springs-Roswell, GA","""Mozilla/5.0 (Macintosh; Intel Mac OS X 10_9_4) AppleWebKit/537.78.2 (KHTML, like Gecko) Version/7.0.6 Safari/537.78.2""",I'm A Lady [feat. Trouble Andrew],Santigold,225.35791
1543080352796,49,paid,849,"San Francisco-Oakland-Hayward, CA",Mozilla/5.0 (Windows NT 5.1; rv:31.0) Gecko/20100101 Firefox/31.0,Bleed It Out [Live At Milton Keynes],Linkin Park,494.99383
1543080559796,29,paid,898,"Atlanta-Sandy Springs-Roswell, GA","""Mozilla/5.0 (Macintosh; Intel Mac OS X 10_9_4) AppleWebKit/537.78.2 (KHTML, like Gecko) Version/7.0.6 Safari/537.78.2""",From The Ritz To The Rubble,Arctic Monkeys,193.43628
1543080752796,29,paid,898,"Atlanta-Sandy Springs-Roswell, GA","""Mozilla/5.0 (Macintosh; Intel Mac OS X 10_9_4) AppleWebKit/537.78.2 (KHTML, like Gecko) Version/7.0.6 Safari/537.78.2""",Vanilla Twilight,Owl City,231.67955
1543080846796,49,paid,849,"San Francisco-Oakland-Hayward, CA",Mozilla/5.0 (Windows NT 5.1; rv:31.0) Gecko/20100101 Firefox/31.0,It's Christmas So We'll Stop,Frightened Rabbit,327.20934
1543080983796,29,paid,898,"Atlanta-Sandy Springs-Roswell, GA","""Mozilla/5.0 (Macintosh; Intel Mac OS X 10_9_4) AppleWebKit/537.78.2 (KHTML, like Gecko) Version/7.0.6 Safari/537.78.2""",I Think I'll Live,Charlie Louvin,170.86649
1543081082796,80,paid,910,"Portland-South Portland, ME","""Mozilla/5.0 (Macintosh; Intel Mac OS X 10_9_4) AppleWebKit/537.36 (KHTML, like Gecko) Chrome/36.0.1985.143 Safari/537.36""",Yeah!,Usher Featuring Lil' Jon & Ludacris,250.38322
1543081153796,29,paid,898,"Atlanta-Sandy Springs-Roswell, GA","""Mozilla/5.0 (Macintosh; Intel Mac OS X 10_9_4) AppleWebKit/537.78.2 (KHTML, like Gecko) Version/7.0.6 Safari/537.78.2""",Monday Morning Cold (band),Erin McKeown,332.85179
1543081173796,49,paid,849,"San Francisco-Oakland-Hayward, CA",Mozilla/5.0 (Windows NT 5.1; rv:31.0) Gecko/20100101 Firefox/31.0,Kryptonite,3 Doors Down,233.74322
1543081332796,80,paid,910,"Portland-South Portland, ME","""Mozilla/5.0 (Macintosh; Intel Mac OS X 10_9_4) AppleWebKit/537.36 (KHTML, like Gecko) Chrome/36.0.1985.143 Safari/537.36""",Once Britten,Koop,247.562
1543081406796,49,paid,849,"San Francisco-Oakland-Hayward, CA",Mozilla/5.0 (Windows NT 5.1; rv:31.0) Gecko/20100101 Firefox/31.0,Crazy Bitch (Album Version),Buckcherry,201.79546
1543081485796,29,paid,898,"Atlanta-Sandy Springs-Roswell, GA","""Mozilla/5.0 (Macintosh; Intel Mac OS X 10_9_4) AppleWebKit/537.78.2 (KHTML, like Gecko) Version/7.0.6 Safari/537.78.2""",Citizen/Soldier,3 Doors Down,232.88118
1543081579796,80,paid,910,"Portland-South Portland, ME","""Mozilla/5.0 (Macintosh; Intel Mac OS X 10_9_4) AppleWebKit/537.36 (KHTML, like Gecko) Chrome/36.0.1985.143 Safari/537.36""",Somebody To Love,Justin Bieber,220.89098
1543081607796,49,paid,849,"San Francisco-Oakland-Hayward, CA",Mozilla/5.0 (Windows NT 5.1; rv:31.0) Gecko/20100101 Firefox/31.0,Lettera Da Volterra,Simone Cristicchi,144.53506
1543081717796,29,paid,898,"Atlanta-Sandy Springs-Roswell, GA","""Mozilla/5.0 (Macintosh; Intel Mac OS X 10_9_4) AppleWebKit/537.78.2 (KHTML, like Gecko) Version/7.0.6 Safari/537.78.2""",Marry Me,Train,205.45261
1543081799796,80,paid,910,"Portland-South Portland, ME","""Mozilla/5.0 (Macintosh; Intel Mac OS X 10_9_4) AppleWebKit/537.36 (KHTML, like Gecko) Chrome/36.0.1985.143 Safari/537.36""",El Burrito,Yerba Buena,236.77342
1543082035796,80,paid,910,"Portland-South Portland, ME","""Mozilla/5.0 (Macintosh; Intel Mac OS X 10_9_4) AppleWebKit/537.36 (KHTML, like Gecko) Chrome/36.0.1985.143 Safari/537.36""",Amame,Juanes,259.63057
1543082294796,80,paid,910,"Portland-South Portland, ME","""Mozilla/5.0 (Macintosh; Intel Mac OS X 10_9_4) AppleWebKit/537.36 (KHTML, like Gecko) Chrome/36.0.1985.143 Safari/537.36""",Terre Promise,O'Rosko Raricim,90.56608
1543082384796,80,paid,910,"Portland-South Portland, ME","""Mozilla/5.0 (Macintosh; Intel Mac OS X 10_9_4) AppleWebKit/537.36 (KHTML, like Gecko) Chrome/36.0.1985.143 Safari/537.36""",Perhaps Vampires Is A Bit Strong But...,Arctic Monkeys,268.45995
1543082652796,80,paid,910,"Portland-South Portland, ME","""Mozilla/5.0 (Macintosh; Intel Mac OS X 10_9_4) AppleWebKit/537.36 (KHTML, like Gecko) Chrome/36.0.1985.143 Safari/537.36""",It's Tricky,RUN-DMC,182.77832
1543082834796,80,paid,910,"Portland-South Portland, ME","""Mozilla/5.0 (Macintosh; Intel Mac OS X 10_9_4) AppleWebKit/537.36 (KHTML, like Gecko) Chrome/36.0.1985.143 Safari/537.36""",And The Hero Will Drown (Album Version),Story Of The Year,191.11138
1543083025796,80,paid,910,"Portland-South Portland, ME","""Mozilla/5.0 (Macintosh; Intel Mac OS X 10_9_4) AppleWebKit/537.36 (KHTML, like Gecko) Chrome/36.0.1985.143 Safari/537.36""",Wild World,Cat Stevens,200.202
1543083225796,80,paid,910,"Portland-South Portland, ME","""Mozilla/5.0 (Macintosh; Intel Mac OS X 10_9_4) AppleWebKit/537.36 (KHTML, like Gecko) Chrome/36.0.1985.143 Safari/537.36""",Fake Tales Of San Francisco (Explicit),Arctic Monkeys,177.84118
1543083402796,80,paid,910,"Portland-South Portland, ME","""Mozilla/5.0 (Macintosh; Intel Mac OS X 10_9_4) AppleWebKit/537.36 (KHTML, like Gecko) Chrome/36.0.1985.143 Safari/537.36""",Sin SoluciÃÂ³n,Antonio Vega,135.13098
1543083420796,49,paid,849,"San Francisco-Oakland-Hayward, CA",Mozilla/5.0 (Windows NT 5.1; rv:31.0) Gecko/20100101 Firefox/31.0,In The Dragon's Den,Symphony X,238.54975
1543083537796,80,paid,910,"Portland-South Portland, ME","""Mozilla/5.0 (Macintosh; Intel Mac OS X 10_9_4) AppleWebKit/537.36 (KHTML, like Gecko) Chrome/36.0.1985.143 Safari/537.36""",Hey_ Soul Sister,Train,216.76363
1543083658796,49,paid,849,"San Francisco-Oakland-Hayward, CA",Mozilla/5.0 (Windows NT 5.1; rv:31.0) Gecko/20100101 Firefox/31.0,Train Round The Bend (LP Version),The Velvet Underground,202.762
1543083860796,49,paid,849,"San Francisco-Oakland-Hayward, CA",Mozilla/5.0 (Windows NT 5.1; rv:31.0) Gecko/20100101 Firefox/31.0,My Doorbell (Album Version),The White Stripes,241.8673
1543084101796,49,paid,849,"San Francisco-Oakland-Hayward, CA",Mozilla/5.0 (Windows NT 5.1; rv:31.0) Gecko/20100101 Firefox/31.0,Hearts Collide (album version),Little Boots,225.20118
1543084326796,49,paid,849,"San Francisco-Oakland-Hayward, CA",Mozilla/5.0 (Windows NT 5.1; rv:31.0) Gecko/20100101 Firefox/31.0,Less Than Lovers,Flora Purim,306.99057
1543084632796,49,paid,849,"San Francisco-Oakland-Hayward, CA",Mozilla/5.0 (Windows NT 5.1; rv:31.0) Gecko/20100101 Firefox/31.0,Strut (1993 Digital Remaster),Sheena Easton,239.62077
1543084871796,49,paid,849,"San Francisco-Oakland-Hayward, CA",Mozilla/5.0 (Windows NT 5.1; rv:31.0) Gecko/20100101 Firefox/31.0,The Dream Is Over,Story Of The Year,232.46322
1543085103796,49,paid,849,"San Francisco-Oakland-Hayward, CA",Mozilla/5.0 (Windows NT 5.1; rv:31.0) Gecko/20100101 Firefox/31.0,Jump In The Pool,Friendly Fires,217.02485
1543085320796,49,paid,849,"San Francisco-Oakland-Hayward, CA",Mozilla/5.0 (Windows NT 5.1; rv:31.0) Gecko/20100101 Firefox/31.0,Pequeno Grande Amor,Papas Da LÃÂ­ngua,222.17098
1543085542796,49,paid,849,"San Francisco-Oakland-Hayward, CA",Mozilla/5.0 (Windows NT 5.1; rv:31.0) Gecko/20100101 Firefox/31.0,Losing Touch,The Killers,253.70077
1543085791796,86,free,906,"La Crosse-Onalaska, WI-MN","""Mozilla/5.0 (Macintosh; Intel Mac OS X 10_9_4) AppleWebKit/537.36 (KHTML, like Gecko) Chrome/37.0.2062.94 Safari/537.36""",Soul On Fire (Drum Majorz Club Remix) (Feat. Beenie Man),KMC Featuring Beenie Man,264.80281
1543085795796,49,paid,849,"San Francisco-Oakland-Hayward, CA",Mozilla/5.0 (Windows NT 5.1; rv:31.0) Gecko/20100101 Firefox/31.0,Crosshairs,Dangerdoom,146.85995
1543085941796,49,paid,849,"San Francisco-Oakland-Hayward, CA",Mozilla/5.0 (Windows NT 5.1; rv:31.0) Gecko/20100101 Firefox/31.0,A Gift For Melody Anne,The Avett Brothers,244.61016
1543086055796,86,free,906,"La Crosse-Onalaska, WI-MN","""Mozilla/5.0 (Macintosh; Intel Mac OS X 10_9_4) AppleWebKit/537.36 (KHTML, like Gecko) Chrome/37.0.2062.94 Safari/537.36""",Fireworks (LP Version),Dave Attell,66.55955
1543086121796,86,free,906,"La Crosse-Onalaska, WI-MN","""Mozilla/5.0 (Macintosh; Intel Mac OS X 10_9_4) AppleWebKit/537.36 (KHTML, like Gecko) Chrome/37.0.2062.94 Safari/537.36""",I?'m A Steady Rollin? Man,Robert Johnson,154.09587
1543086185796,49,paid,849,"San Francisco-Oakland-Hayward, CA",Mozilla/5.0 (Windows NT 5.1; rv:31.0) Gecko/20100101 Firefox/31.0,Working With Homesick,Homesick James,199.65342
1543086275796,86,free,906,"La Crosse-Onalaska, WI-MN","""Mozilla/5.0 (Macintosh; Intel Mac OS X 10_9_4) AppleWebKit/537.36 (KHTML, like Gecko) Chrome/37.0.2062.94 Safari/537.36""",Nrrrd Grrrl,Mc Chris,149.99465
1543086384796,49,paid,849,"San Francisco-Oakland-Hayward, CA",Mozilla/5.0 (Windows NT 5.1; rv:31.0) Gecko/20100101 Firefox/31.0,American Love (Album Version),Jack's Mannequin,223.21587
1543086424796,86,free,906,"La Crosse-Onalaska, WI-MN","""Mozilla/5.0 (Macintosh; Intel Mac OS X 10_9_4) AppleWebKit/537.36 (KHTML, like Gecko) Chrome/37.0.2062.94 Safari/537.36""",Cartoon Heroes,Aqua,218.48771
1543086642796,86,free,906,"La Crosse-Onalaska, WI-MN","""Mozilla/5.0 (Macintosh; Intel Mac OS X 10_9_4) AppleWebKit/537.36 (KHTML, like Gecko) Chrome/37.0.2062.94 Safari/537.36""",Stadium Love,Metric,252.99546
1543092145796,83,free,867,"Lubbock, TX","""Mozilla/5.0 (Macintosh; Intel Mac OS X 10_9_4) AppleWebKit/537.36 (KHTML, like Gecko) Chrome/36.0.1985.143 Safari/537.36""",Escape,Enrique Iglesias,208.5873
1543092353796,83,free,867,"Lubbock, TX","""Mozilla/5.0 (Macintosh; Intel Mac OS X 10_9_4) AppleWebKit/537.36 (KHTML, like Gecko) Chrome/36.0.1985.143 Safari/537.36""",Fell In Love Without You (Acoustic),Motion City Soundtrack,205.26975
1543092558796,83,free,867,"Lubbock, TX","""Mozilla/5.0 (Macintosh; Intel Mac OS X 10_9_4) AppleWebKit/537.36 (KHTML, like Gecko) Chrome/36.0.1985.143 Safari/537.36""",The Thousand Names of Lord Shiva (Part 1),Ticanaf,2594.87302
1543097750796,26,free,899,"San Jose-Sunnyvale-Santa Clara, CA","""Mozilla/5.0 (X11; Linux x86_64) AppleWebKit/537.36 (KHTML, like Gecko) Ubuntu Chromium/36.0.1985.125 Chrome/36.0.1985.125 Safari/537.36""",Dance Like Michael Jackson,The Far East Movement,228.20526
1543097978796,26,free,899,"San Jose-Sunnyvale-Santa Clara, CA","""Mozilla/5.0 (X11; Linux x86_64) AppleWebKit/537.36 (KHTML, like Gecko) Ubuntu Chromium/36.0.1985.125 Chrome/36.0.1985.125 Safari/537.36""",You're A Cad,the bird and the bee,189.51791
1543103174796,11,free,366,"Elkhart-Goshen, IN","""Mozilla/5.0 (Macintosh; Intel Mac OS X 10_9_4) AppleWebKit/537.78.2 (KHTML, like Gecko) Version/7.0.6 Safari/537.78.2""",Inevitable,Shakira,193.82812
